Time (hr),XA,XB,XC,XP,XE,XG
0.5,0.03988167740560164,0.010858886542590134,0.0007130752470113466,0.07165406405229581,0.44473237985773634,0.4854260402329537
1.5,0.024450897205002278,0.0008754506626556417,4.954773390192148e-05,0.05732205758713966,0.4399995338986579,0.5059151024465276
3.0,0.0010153150395993838,3.823565685404199e-05,6.31795488915131e-07,0.0338754774446218,0.4174050708860189,0.48584616669238195
