Time (hr),XA,XB,XC,XP,XE,XG
0.5,0.0637801380213708,0.08424437034222766,0.015493140918684027,0.15089347183293722,0.46334679085730285,0.2222420880274774
1.5,0.02410063304960966,0.02575393867201093,0.0017812064100063312,0.1350253916676375,0.49493284341985494,0.3184059867808806
3.0,0.004185606655168299,0.004526250986040234,0.0005222958749321001,0.12133814009672084,0.5051585496114732,0.36426915677566535
