Time (hr),XA,XB,XC,XP,XE,XG
0.5,0.14053795784682843,0.15382205749962619,0.051497501453005703,0.1692872422241483,0.4052080908559934,0.07964715012039784
1.5,0.05708692016956057,0.017138539536006213,0.003645683356094392,0.1522382485680456,0.49825894013503613,0.2716316682352571
3.0,0.04309478959983214,0.0015071552934263301,0.0006976147063104936,0.14263879115608627,0.5078595865113248,0.30420206273302
