Time (hr),XA,XB,XC,XP,XE,XG
0.5,0.1300301583465236,0.09776796920721546,0.027704195306020286,0.18177690153425646,0.4512111763881429,0.1647757225534177
1.5,0.07438107253404017,0.02319830277617379,0.006728688039044886,0.16580644943389133,0.49521418023484887,0.2632838965157238
3.0,0.037988155180126194,0.006646672095339005,0.0019387914499596618,0.1325462047773381,0.4781338780696798,0.28092719594170473
