Time (hr),XA,XB,XC,XP,XE,XG
0.5,0.08869705012642527,0.3074182714704239,0.038893141886355447,0.1654923964146965,0.3664296048878209,0.03306953521427803
1.5,0.023547180961569728,0.1767007285878215,0.00927058118317175,0.20438095762814304,0.48726421120802316,0.09883634043127087
3.0,0.005368062588314033,0.1486583354913604,0.0024217910252049618,0.21878532633119468,0.5242306844138671,0.1005358001500588
