Time (hr),XA,XB,XC,XP,XE,XG
0.5,0.1551375086479581,0.18208566035378568,0.06562261078307917,0.16362124355636715,0.37787998675819096,0.055652989900619
1.5,0.08643857860513299,0.05209452982126899,0.023449750887645046,0.18028327704042185,0.487050276450236,0.17068358719529508
3.0,0.06492504929957088,0.019547695709403484,0.009623496192411346,0.1765114301393636,0.5154390250909812,0.21395330356826964
