Time (hr),XA,XB,XC,XP,XE,XG
0.5,0.1749544971783616,0.17650047900011304,0.06286376967300725,0.17666468566611443,0.3835948344875642,0.07868785733261052
1.5,0.09983486790107546,0.05173708284164495,0.022319411277526537,0.1928856370889055,0.48904421092879374,0.1727913794958712
3.0,0.054458099696562776,0.01856730732371293,0.008727143134426248,0.16150894375693295,0.4872324968551402,0.20768690674800844
