Time (hr),XA,XB,XC,XP,XE,XG
0.5,0.0799923386086403,0.12003587617859428,0.017205895963389676,0.1771621185128964,0.46295735430657936,0.14264641642990006
1.5,0.0008838567683552895,0.010362989721041741,0.000964108638670985,0.1324523707078596,0.5086943130204614,0.34664236114361097
3.0,0.0,0.004915511739937205,0.0005095000704861631,0.13012009060734772,0.5137286549330073,0.3507262426492215
