Time (hr),XA,XB,XC,XP,XE,XG
0.5,0.018957535858602742,0.012906837720503437,0.00177118135181157,0.0615132557671169,0.4438776864378368,0.46097350286412847
1.5,0.01197557457453792,0.0008065920898684342,0.0009327171903676911,0.04821162359243324,0.4407001438374346,0.49737334871535815
3.0,0.010752316520955109,0.0001871328036558323,0.0005001341929422829,0.04815267664238204,0.4458146853335734,0.4945930545064914
