Time (hr),XA,XB,XC,XP,XE,XG
0.5,0.1910096723094096,0.007047000833233417,0.010021337874514315,0.07846759412995012,0.3876641746935311,0.3257902201593615
1.5,0.1852886245225431,0.0,0.0009323064738670517,0.06442934512816731,0.384670197908766,0.3646795259666565
3.0,0.19090044144371407,0.00013225939323001704,0.0004968716440416689,0.06590910697533531,0.3879838320498544,0.35457748849382453
