Time (hr),XA,XB,XC,XP,XE,XG
0.5,0.16078146463304827,0.14906258238419795,0.04915131797041257,0.18216515513194345,0.4101245624865354,0.10198104072037613
1.5,0.06957275792176548,0.016435002220430286,0.003094640384580858,0.16309108231662053,0.49912415165987506,0.27729495502947854
3.0,0.03410854181944113,0.002295036023075186,0.0004173699520425355,0.12884992536674295,0.47907792214249534,0.2934321022097875
