Time (hr),XA,XB,XC,XP,XE,XG
0.5,0.1300301583465236,0.09776796920721546,0.027704195306020286,0.18177690153425646,0.4512111763881429,0.1647757225534177
0.75,0.1443919865443871,0.11828537557105337,0.04568625693152627,0.19281860425155606,0.4389000200772223,0.11318387996215927
1.0,0.12016551194866334,0.08574591041051598,0.0347835019957158,0.19209195945129298,0.4616878438883871,0.13413786183911652
1.5,0.07438107253404017,0.02319830277617379,0.006728688039044886,0.16580644943389133,0.49521418023484887,0.2632838965157238
2.5,0.05917527175292221,0.024889214693087598,0.011469016494158685,0.16438758186586638,0.4840230262304373,0.1942367864784673
3.0,0.037988155180126194,0.006646672095339005,0.0019387914499596618,0.1325462047773381,0.4781338780696798,0.28092719594170473
