Time (hr),XA,XB,XC,XP,XE,XG
0.5,0.16078146458892992,0.14906258242988513,0.04915131795063774,0.18216515517950413,0.4101245624498026,0.10198104073942944
1.5,0.06570312626224506,0.012407481714443558,0.0015813487271526274,0.15878058315191806,0.49943992990956765,0.290700119768558
3.0,0.03128442227376112,3.459176613132713e-05,4.352556187289962e-07,0.12468998865861747,0.4779505731357879,0.3042208864250484
