Time (hr),XA,XB,XC,XP,XE,XG
0.75,0.1443919865443871,0.11828537557105337,0.04568625693152627,0.19281860425155606,0.4389000200772223,0.11318387996215927
1.0,0.12016551194866334,0.08574591041051598,0.0347835019957158,0.19209195945129298,0.4616878438883871,0.13413786183911652
2.5,0.05917527175292221,0.024889214693087598,0.011469016494158685,0.16438758186586638,0.4840230262304373,0.1942367864784673
