Time (hr),XA,XB,XC,XP,XE,XG
0.5,0.11868231546901857,0.19209841335966082,0.049032987056389664,0.17413553433555262,0.4035042449109265,0.06254650486845183
1.5,0.010023056699829577,0.01790273656600749,0.001167744778670037,0.15384529382024112,0.519055618343791,0.2980055497914608
3.0,0.0,0.004565021138383144,0.0005170169770468132,0.14565674784020397,0.5263162763013901,0.3229449377429759
