Time (hr),XA,XB,XC,XP,XE,XG
0.5,0.0,0.19016221542484363,0.0008717939761043041,0.12528358860045863,0.4318441994498796,0.2518382025487138
1.5,0.0,0.18681538368010447,0.0008617253176642687,0.12049528034173437,0.42888671163966396,0.26294089902083295
3.0,0.0,0.19328601855438032,0.0004928197186908829,0.12379688139592022,0.4332981158971489,0.24912616443385965
